date,day,filename,image,headline_white,headline_yellow,subheadline,body,support_title,item1_title,item1_desc,item1_icon,item2_title,item2_desc,item2_icon,item3_title,item3_desc,item3_icon,outcome,handwritten,outcome_script,cta,website,phone,email,right_slogan,badge
2026-09-11,FRIDAY,003-workflow-map.jpg,hero_workflowmap.jpg,"Your Workflow,",Mapped Out.,What a Workflow Map Looks Like.,"An educational look at your front office: booked, reminded, confirmed. Nothing gets missed.",The Workflow Map:,1. Booked,Every appointment scheduled and on one calendar.,calendar,2. Reminded,Patients get reminders before every visit.,bell,3. Confirmed,Follow-ups make sure each visit goes ahead.,check,"One clear map.
Smoother days for your practice.","Follow
the Map.","Clarity for
Every Step.",Get your workflow map,SereneHealthVA.com,(630) 394-2838,Contact@serenehealthva.com,"SUPPORTING
HEALTHIER
PRACTICES
TOGETHER","Every Step
Accounted
For."
